Title,Description
Ambrette Seed,Ambrette Seed 
Apple Cinnamon Granola,Apple Cinnamon Granola 
Arizona Seasoning,Arizona Seasoning 
Americano Coffee,Americano Coffee 
Baby Abalone,Baby Abalone 
Cadbury Double Decker Chocolate Bar,Cadbury Double Decker Chocolate Bar 
Campari Tomato,Campari Tomato 
Celery Soup,Celery Soup 
Chia Meal,Chia Meal 
Crunch Bars,Crunch Bars 
Cardamom,Cardamom 
Giardiniera,Giardiniera 
Hog Maw,Hog Maw 
Mccormick Montreal Steak Seasoning,Mccormick Montreal Steak Seasoning 
Muesli,Muesli 
Mulberry,Mulberry 
Munch Chocolate,Munch Chocolate 
Murukku Packet,Murukku Packet 
Mango,Mango 
Organic Maize,Organic Maize 
Organic Peruvian Groundcherry,Organic Peruvian Groundcherry 
Organic Tartar Cream,Organic Tartar Cream 
Orange Extract,Orange Extract 
Pickled Cauliflower,Pickled Cauliflower 
Pork Chump Chops,Pork Chump Chops  
Pork Lungs,Pork Lungs 
Pork Tripe,Pork Tripe 
Peanut Butter,Peanut Butter 
Smokies Sausage,Smokies Sausage 
Snickers Spread,Snickers Spread 
Strawberry Gelatin,Strawberry Gelatin 
Salmon,Salmon 
Tomato,Tomato 
Tamarind,Tamarind 
Vegan Carob Chips,Vegan Carob Chips 
Vegan Chicken Strips,Vegan Chicken Strips 
Vegan Chorizo,Vegan Chorizo 
Vegan Marshmallow,Vegan Marshmallow 
Vegan Puff Pastry Sheet,Vegan Puff Pastry Sheet 
Vegan Semisweet Chocolate Chips,Vegan Semisweet Chocolate Chips 
Vegan White Cake,Vegan White Cake 
Vegetable Stock,Vegetable Stock 
Vinegar,Vinegar 
